{"graph": {"_type": "graph-file", "path": "media/graph/graph_summary_126a3665a0116022cf23.graph.json", "sha256": "126a3665a0116022cf239b4276ffd44f8e39770394415d6116c6727a1f5b85b2", "size": 1557}, "examples": {"_type": "images/separated", "width": 28, "height": 28, "format": "png", "count": 10, "captions": ["1", "6", "2", "2", "1", "7", "5", "8", "3", "9"]}, "epoch": 9, "loss": 0.028594356030225754, "accuracy": 0.9921296238899231, "val_loss": 0.09510787576436996, "val_accuracy": 0.9776785969734192, "_runtime": 150, "_timestamp": 1631425121, "_step": 10, "best_accuracy": 0.9921296238899231, "best_epoch": 9, "Test Error Rate": 1.76, "_wandb": {"runtime": 148}}